"species","firstyear","Three_gen_time_used","lastyear","start_recent_trend","Difference_late_minus_early_trend","LCI_90_Difference_late_minus_early_trend","UCI_90_Difference_late_minus_early_trend","prob_decreasing_trend","long_term_trend","LCI_long_term_trend","UCI_long_term_trend","early_trend","LCI_early_trend","UCI_early_trend","late_trend","LCI_late_trend","UCI_late_trend"
"Abert's Towhee",1970,10,2019,2009,-0.7,-2.8,0.6,0.81,0.4,-0.1,1,0.6,0,1.3,-0.1,-1.8,1
"Acadian Flycatcher",1970,10,2019,2009,1.6,1,2.3,0,0.1,-0.1,0.2,-0.2,-0.4,-0.1,1.3,0.8,1.9
"Acorn Woodpecker",1970,15,2019,2004,1.6,0.6,2.7,0,0.8,0.5,1.1,0.3,-0.1,0.7,1.9,1.1,2.8
"Alder Flycatcher",1978,10,2019,2009,-0.9,-1.8,0,0.97,-0.4,-0.7,-0.1,-0.2,-0.6,0.2,-1.1,-1.8,-0.3
"Allen's Hummingbird",1970,10,2019,2009,-1.4,-4.3,0.4,0.9,-4.1,-4.8,-3.5,-3.9,-4.6,-3,-5.2,-7.8,-3.6
"American Avocet",1970,14,2019,2005,-1.9,-4.4,0.7,0.93,1.1,0.4,2,1.7,0.8,2.6,-0.2,-2.3,2.1
"American Bittern",1970,11,2019,2008,3.1,1.2,4.9,0,-0.8,-1.3,-0.4,-1.5,-2,-1,1.6,-0.2,3.2
"American Black Duck",1970,15,2019,2004,-0.9,-3.8,1.2,0.77,-1.9,-2.8,-1,-1.6,-2.7,-0.4,-2.4,-4.8,-0.8
"American Coot",1970,13,2019,2006,1.2,-2.4,4.8,0.27,-0.4,-1.4,0.4,-0.7,-1.7,0.3,0.4,-2.7,3.6
"American Crow",1970,24,2019,1995,-1.7,-2.1,-1.4,1,-0.4,-0.5,-0.2,0.5,0.3,0.7,-1.2,-1.4,-1.1
"American Dipper",1970,10,2019,2009,-1,-2.4,0.1,0.96,-0.2,-0.5,0.1,0,-0.4,0.4,-1,-2.2,0
"American Goldfinch",1970,10,2019,2009,-1.2,-1.9,-0.5,1,-0.5,-0.7,-0.3,-0.3,-0.4,0,-1.5,-2.1,-0.8
"American Kestrel",1970,10,2019,2009,-0.1,-0.9,0.7,0.58,-0.7,-0.9,-0.5,-0.7,-0.9,-0.5,-0.8,-1.6,-0.1
"American Redstart",1970,10,2019,2009,1.6,0.7,2.5,0,-0.1,-0.3,0.1,-0.4,-0.7,-0.2,1.2,0.4,1.9
"American Robin",1970,10,2019,2009,-0.8,-1.2,-0.3,1,0.3,0.1,0.4,0.4,0.3,0.6,-0.3,-0.8,0.1
"American Three-toed Woodpecker",1970,10,2019,2009,-0.3,-2.6,1.9,0.63,4,3.1,4.8,4.1,3.1,5,3.8,1.7,5.6
"American White Pelican",1970,25,2019,1994,-6.2,-9.8,-2.4,1,6.6,5.2,8.1,9.8,7.3,12.4,3.6,1.5,5.8
"Anhinga",1970,19,2019,2000,2.9,1.4,4.5,0,1.9,1.3,2.4,0.7,0,1.5,3.7,2.5,4.9
"Anna's Hummingbird",1970,10,2019,2009,0,-0.8,0.9,0.56,2.3,2,2.6,2.3,2,2.6,2.3,1.5,3.1
"Arctic Tern",1993,20,2019,1999,-0.7,-6.8,3.8,0.62,-1.8,-4.1,0.3,-1.3,-5.3,3.9,-2,-4.3,0.3
"Arctic Warbler",1993,10,2019,2009,-1.2,-5,1.5,0.77,-3.2,-4.5,-1.9,-2.7,-4.2,-1.1,-3.9,-7.1,-1.6
"Ash-throated Flycatcher",1970,10,2019,2009,-0.8,-1.4,-0.2,0.99,0.9,0.8,1.1,1.1,0.9,1.3,0.3,-0.2,0.9
"Bachman's Sparrow",1970,10,2019,2009,0.9,-1,2.7,0.19,-2.7,-3.1,-2.3,-2.9,-3.3,-2.5,-2,-3.7,-0.4
"Baird's Sparrow",1970,10,2019,2009,4.7,1.8,7.7,0,-1.7,-2.3,-1,-2.6,-3.4,-1.8,2,-0.4,4.7
"Bald Eagle",1970,25,2019,1994,-0.5,-1.9,0.9,0.78,3.2,2.5,3.8,3.4,2.1,4.6,2.9,2.4,3.4
"Baltimore Oriole",1970,10,2019,2009,-0.4,-1.1,0.2,0.9,-1,-1.2,-0.9,-0.9,-1.1,-0.8,-1.4,-2,-0.8
"Band-tailed Pigeon",1970,14,2019,2005,3.7,2.1,5.4,0,-1,-1.5,-0.5,-2,-2.7,-1.3,1.7,0.4,3
"Bank Swallow",1970,10,2019,2009,3.3,0.3,6.4,0.01,-5,-5.8,-4.1,-5.6,-6.6,-4.7,-2.3,-5,0.5
"Barn Owl",1970,18,2019,2001,-3.8,-6,-1.5,1,2.8,1.9,3.9,4.2,2.9,5.7,0.4,-1.2,2.1
"Barn Swallow",1970,10,2019,2009,-1.2,-1.7,-0.8,1,-0.8,-0.9,-0.7,-0.5,-0.7,-0.4,-1.8,-2.2,-1.3
"Barred Owl",1970,20,2019,1999,-0.2,-0.9,0.4,0.72,1.9,1.7,2.2,2,1.6,2.4,1.8,1.3,2.3
"Barrow's Goldeneye",1970,20,2019,1999,-2.8,-5,-0.7,1,-1.1,-1.8,-0.4,0.1,-1,1.2,-2.7,-4.2,-1.4
"Bay-breasted Warbler",1970,10,2019,2009,6.3,2.9,9.9,0,1.6,0.7,2.5,0.3,-0.4,1.1,6.6,3.4,10
"Bell's Sparrow",1970,10,2019,2009,-0.3,-2.1,1.3,0.62,0.2,-0.4,0.8,0.2,-0.4,0.9,0,-1.7,1.4
"Bell's Vireo",1970,10,2019,2009,1.7,0.5,2.8,0,0.4,0.1,0.6,0,-0.3,0.3,1.7,0.6,2.7
"Belted Kingfisher",1970,10,2019,2009,0.3,-0.6,1.4,0.29,-1.3,-1.5,-1.1,-1.4,-1.6,-1.1,-1.1,-1.9,-0.1
"Bendire's Thrasher",1970,10,2019,2009,0.7,-0.8,3.8,0.23,-3.4,-4,-2.8,-3.6,-4.2,-3,-2.8,-4.3,-0.1
"Bewick's Wren",1970,10,2019,2009,3.1,1.6,4.5,0,-0.3,-0.8,0.2,-0.9,-1.6,-0.2,2.1,1.1,3.3
"Black-and-white Warbler",1970,10,2019,2009,-0.5,-1.4,0.5,0.86,-0.3,-0.5,0,-0.2,-0.4,0.2,-0.7,-1.5,0.1
"Black-backed Woodpecker",1970,11,2019,2008,0.4,-3.7,3.9,0.36,2.8,1.7,3.9,2.7,1.5,4.2,3.1,0,6.2
"Black-billed Cuckoo",1970,10,2019,2009,1.1,-2,4.2,0.2,-2.3,-3,-1.5,-2.6,-3.3,-1.7,-1.4,-4.1,1.4
"Black-billed Magpie",1970,13,2019,2006,1.2,0.4,2,0,-1.1,-1.4,-0.8,-1.4,-1.8,-1.1,-0.2,-0.9,0.5
"Black-capped Chickadee",1970,10,2019,2009,-2.1,-2.9,-1.2,1,0.7,0.5,0.9,1.1,0.9,1.3,-0.9,-1.7,-0.2
"Black-chinned Hummingbird",1970,10,2019,2009,-0.9,-2.3,0.1,0.96,0.9,0.6,1.2,1.1,0.8,1.4,0.2,-1,1.1
"Black-chinned Sparrow",1970,10,2019,2009,0.9,-0.6,3.3,0.14,-2.8,-3.4,-2.3,-3,-3.7,-2.4,-2.1,-3.5,-0.1
"Black-crested Titmouse",1970,10,2019,2009,-1,-2.3,0.6,0.91,0,-0.4,0.4,0.2,-0.2,0.6,-0.8,-2,0.7
"Black-crowned Night-Heron",1970,18,2019,2001,-2.9,-4.4,-1.5,1,-0.6,-1.1,0,0.5,-0.2,1.3,-2.4,-3.4,-1.3
"Black-headed Grosbeak",1970,10,2019,2009,-0.8,-1.4,-0.1,0.98,0.4,0.2,0.6,0.5,0.3,0.7,-0.2,-0.8,0.4
"Black-necked Stilt",1970,17,2019,2002,-5.2,-7.4,-3,1,2.2,1.5,3,4.1,3.1,5.1,-1.1,-2.8,0.6
"Black-tailed Gnatcatcher",1970,10,2019,2009,1.8,-1,6.1,0.21,0.8,0.1,1.8,0.5,-0.4,1.3,2.2,-0.4,6.3
"Black-throated Blue Warbler",1970,10,2019,2009,-3.2,-4.3,-2.1,1,1.4,1.1,1.7,2,1.7,2.3,-1.1,-2.2,-0.2
"Black-throated Gray Warbler",1970,10,2019,2009,0.2,-1,1.6,0.37,-0.7,-1.1,-0.3,-0.8,-1.2,-0.3,-0.5,-1.6,0.6
"Black-throated Green Warbler",1970,10,2019,2009,-1.9,-2.9,-0.8,1,0.1,-0.2,0.4,0.5,0.1,0.9,-1.4,-2.3,-0.5
"Black-throated Sparrow",1970,10,2019,2009,0,-0.9,0.9,0.53,-0.7,-0.9,-0.4,-0.7,-1,-0.4,-0.7,-1.5,0.1
"Black-whiskered Vireo",1993,10,2019,2009,-0.1,-3.2,3.1,0.54,-1.1,-2.3,0.2,-1,-2.6,0.6,-1.1,-3.4,1.4
"Black Phoebe",1970,10,2019,2009,-0.9,-2.7,0.9,0.86,3.1,2.6,3.6,3.3,2.7,3.8,2.3,0.8,3.9
"Black Skimmer",1970,22,2019,1997,-0.3,-3,1.8,0.59,-1.7,-2.8,-0.8,-1.6,-2.9,-0.2,-1.9,-3.7,-0.4
"Black Swift",1970,12,2019,2007,-0.6,-4.8,3.3,0.65,-4.1,-5.5,-2.8,-4,-5.5,-2.3,-4.6,-8.1,-1
"Black Tern",1970,18,2019,2001,5.3,3.1,7.7,0,-2.2,-3.2,-1.4,-4.1,-5.2,-3.1,1.2,-0.8,3.2
"Black Vulture",1970,25,2019,1994,2.9,2,3.8,0,4,3.7,4.4,2.5,1.9,3.2,5.5,5,6
"Blackburnian Warbler",1970,10,2019,2009,-1.2,-2.1,-0.1,0.98,0.2,0,0.5,0.5,0.2,0.8,-0.7,-1.6,0.2
"Blackpoll Warbler",1970,10,2019,2009,0.6,-0.9,2.9,0.26,-4,-4.6,-3.1,-4.1,-4.8,-3.3,-3.5,-4.8,-1.2
"Blue-gray Gnatcatcher",1970,10,2019,2009,-1.9,-2.6,-1.2,1,0.7,0.5,0.9,1.1,0.9,1.3,-0.8,-1.4,-0.2
"Blue-headed Vireo",1970,10,2019,2009,-3.5,-4.8,-2.3,1,3.1,2.6,3.5,3.8,3.3,4.3,0.3,-0.8,1.3
"Blue-winged Warbler",1970,10,2019,2009,-3.1,-4.8,-1.3,1,-0.7,-1,-0.3,-0.1,-0.4,0.3,-3.1,-4.7,-1.5
"Blue Grosbeak",1970,10,2019,2009,-0.9,-1.5,-0.4,1,0.9,0.8,1.1,1.1,1,1.3,0.2,-0.3,0.7
"Blue Jay",1970,16,2019,2003,0.1,-0.2,0.4,0.25,-0.6,-0.7,-0.5,-0.7,-0.8,-0.5,-0.6,-0.8,-0.3
"Boat-tailed Grackle",1970,12,2019,2007,-2.5,-4.2,-0.8,1,-0.4,-0.9,0,0.2,-0.4,0.7,-2.3,-3.7,-0.8
"Bobolink",1970,10,2019,2009,-1.1,-1.9,-0.3,1,-1.9,-2.1,-1.7,-1.7,-1.9,-1.5,-2.8,-3.6,-2.1
"Bohemian Waxwing",1993,10,2019,2009,0.4,-2.6,4.4,0.4,-4.1,-5.6,-2.6,-4.3,-6.2,-2.4,-3.8,-6.3,-0.9
"Bonaparte's Gull",1993,20,2019,1999,-1.4,-9.1,3.2,0.66,-1.9,-4.4,0.3,-0.8,-5.2,5.5,-2.2,-5.1,0.4
"Boreal Chickadee",1970,10,2019,2009,0,-1.3,1.2,0.48,-0.5,-0.9,-0.1,-0.5,-1,0,-0.4,-1.6,0.5
"Brewer's Blackbird",1970,10,2019,2009,-1.5,-2.2,-0.8,1,-2.1,-2.3,-1.9,-1.8,-2,-1.6,-3.3,-3.9,-2.7
"Brewer's Sparrow",1970,10,2019,2009,-1.5,-2.7,-0.4,1,-1.7,-2,-1.4,-1.4,-1.7,-1,-2.9,-3.9,-2
"Bridled Titmouse",1993,10,2019,2009,0.4,-2.4,4.1,0.39,0.1,-1.3,1.5,-0.1,-1.9,1.7,0.4,-1.8,3
"Broad-tailed Hummingbird",1970,10,2019,2009,-1.7,-2.6,-0.8,1,-0.9,-1.2,-0.7,-0.6,-0.9,-0.3,-2.3,-3.1,-1.5
"Broad-winged Hawk",1970,18,2019,2001,0.5,-0.3,1.2,0.09,1.2,0.9,1.5,1,0.6,1.4,1.5,0.9,2.1
"Bronzed Cowbird",1970,10,2019,2009,-2.1,-4.7,0.6,0.94,-0.7,-1.3,-0.1,-0.2,-0.9,0.4,-2.3,-4.7,0.2
"Brown-crested Flycatcher",1970,10,2019,2009,-4.1,-6.5,-1.6,1,2.5,2,3.1,3.4,2.8,4,-0.7,-2.8,1.5
"Brown-headed Cowbird",1970,10,2019,2009,-1.1,-1.7,-0.6,1,-0.6,-0.8,-0.5,-0.4,-0.5,-0.3,-1.5,-2,-1
"Brown-headed Nuthatch",1970,10,2019,2009,-1.3,-2.5,0,0.98,-0.5,-0.8,-0.2,-0.2,-0.5,0.1,-1.5,-2.6,-0.4
"Brown Creeper",1970,10,2019,2009,-1.6,-2.5,-0.6,1,0.9,0.7,1.1,1.2,1,1.5,-0.4,-1.2,0.5
"Brown Pelican",1970,25,2019,1994,-12.4,-16.4,-8.7,1,3.1,2,4.4,9.6,7.3,12.2,-2.8,-4.8,-0.7
"Brown Thrasher",1970,10,2019,2009,0.7,0.3,1.1,0,-1,-1.1,-0.9,-1.1,-1.2,-1,-0.4,-0.8,-0.1
"Bufflehead",1970,17,2019,2002,-0.9,-3.5,1,0.78,2.6,1.7,3.4,2.9,1.8,3.9,2,-0.1,3.5
"Bullock's Oriole",1970,10,2019,2009,-0.8,-1.6,-0.1,0.98,-0.6,-0.8,-0.5,-0.5,-0.7,-0.3,-1.3,-2,-0.6
"Burrowing Owl",1970,10,2019,2009,1.4,-0.8,3.6,0.11,-0.4,-0.9,0.1,-0.7,-1.3,-0.1,0.7,-1.2,2.7
"Bushtit",1970,10,2019,2009,-1.6,-3.4,0.1,0.96,-0.6,-1.1,-0.1,-0.3,-0.8,0.3,-1.9,-3.5,-0.4
"Cactus Wren",1970,10,2019,2009,0,-1.5,2.1,0.59,-1.7,-2.1,-1.3,-1.7,-2.2,-1.3,-1.8,-3.1,0
"California Gull",1970,25,2019,1994,-4.4,-6.8,-2,1,-0.6,-1.4,0.2,1.6,0.1,3.2,-2.7,-4,-1.5
"California Quail",1970,10,2019,2009,-0.7,-2.8,1.4,0.76,1.1,0.6,1.5,1.2,0.7,1.7,0.5,-1.3,2.4
"California Scrub-Jay",1970,15,2019,2004,-2.2,-2.8,-1.6,1,0,-0.2,0.2,0.7,0.5,0.9,-1.5,-2,-1
"California Thrasher",1970,10,2019,2009,2.8,1.1,4.7,0,-1.1,-1.5,-0.7,-1.7,-2.1,-1.3,1.1,-0.4,2.9
"California Towhee",1970,10,2019,2009,-1.3,-2.2,-0.5,1,-0.4,-0.6,-0.2,-0.1,-0.3,0.1,-1.4,-2.2,-0.7
"Calliope Hummingbird",1970,10,2019,2009,-0.4,-1.9,0.5,0.77,-0.1,-0.4,0.3,0,-0.4,0.4,-0.5,-1.7,0.4
"Canada Jay",1970,12,2019,2007,-0.5,-1.7,0.5,0.82,0.2,-0.1,0.6,0.3,-0.1,0.8,-0.1,-1.1,0.7
"Canada Warbler",1970,10,2019,2009,4.9,3.3,6.7,0,-1.5,-1.8,-1.2,-2.5,-2.9,-2.1,2.4,1,4
"Canyon Towhee",1970,10,2019,2009,-0.7,-1.9,0.4,0.91,-1.3,-1.6,-1,-1.1,-1.5,-0.8,-1.9,-2.9,-0.8
"Canyon Wren",1970,10,2019,2009,-0.2,-1,0.7,0.66,-0.2,-0.4,0.1,-0.1,-0.4,0.2,-0.3,-1,0.4
"Cape May Warbler",1970,10,2019,2009,6.8,3.2,10.4,0,1.6,0.4,2.9,0.2,-1.1,1.7,7,3.7,10.3
"Carolina Chickadee",1970,10,2019,2009,-3,-3.6,-2.3,1,-0.6,-0.7,-0.4,0.1,-0.1,0.2,-2.9,-3.5,-2.3
"Carolina Wren",1970,10,2019,2009,0,-1.4,1.5,0.49,1.3,0.9,1.6,1.3,0.9,1.7,1.3,0,2.6
"Caspian Tern",1970,25,2019,1994,-6.3,-8.4,-4.4,1,1.5,0.9,2.3,4.8,3.5,6.3,-1.5,-2.5,-0.5
"Cassin's Finch",1970,10,2019,2009,1.7,-0.1,3.5,0.03,-0.1,-0.7,0.5,-0.5,-1.1,0.2,1.2,-0.3,2.8
"Cassin's Kingbird",1970,10,2019,2009,0.1,-1.3,1.3,0.45,-0.2,-0.6,0.2,-0.2,-0.6,0.2,-0.1,-1.3,0.9
"Cassin's Sparrow",1970,10,2019,2009,1,-1.5,3.5,0.18,-0.9,-1.4,-0.2,-1.1,-1.7,-0.3,-0.1,-2.2,2.1
"Cassin's Vireo",1970,10,2019,2009,-1.2,-2.4,0.1,0.96,0.8,0.5,1.1,1,0.7,1.4,-0.2,-1.2,1
"Cattle Egret",1970,19,2019,2000,-5.5,-6.7,-4.3,1,-1,-1.4,-0.6,1.2,0.6,1.8,-4.3,-5.2,-3.5
"Cave Swallow",1970,10,2019,2009,-80.2,-98.2,-61.4,1,59,49.5,68.3,79.5,67.3,93.1,-0.7,-12.4,11.8
"Cedar Waxwing",1970,10,2019,2009,-3.3,-4.6,-2,1,0.6,0.1,1,1.3,0.7,1.7,-2,-3.1,-0.9
"Cerulean Warbler",1970,10,2019,2009,2,0.2,3.9,0.02,-2.6,-3,-2.2,-3,-3.5,-2.6,-1.1,-2.7,0.7
"Chestnut-backed Chickadee",1970,10,2019,2009,-1.8,-3,-0.6,1,-0.7,-1.1,-0.4,-0.4,-0.7,0,-2.2,-3.2,-1.1
"Chestnut-collared Longspur",1970,10,2019,2009,-0.9,-3.2,1.4,0.77,-3.3,-3.7,-2.8,-3.1,-3.7,-2.5,-4,-6,-2
"Chestnut-sided Warbler",1970,10,2019,2009,1.6,0.8,2.4,0,-1.1,-1.3,-0.9,-1.4,-1.7,-1.1,0.2,-0.5,0.9
"Chihuahuan Raven",1970,17,2019,2002,-2.8,-4,-1.6,1,0.4,0,0.9,1.4,0.9,2,-1.4,-2.3,-0.5
"Chimney Swift",1970,10,2019,2009,-0.5,-1.1,0.1,0.95,-2.4,-2.6,-2.3,-2.3,-2.5,-2.2,-2.8,-3.3,-2.3
"Chipping Sparrow",1970,10,2019,2009,-1.8,-2.5,-1.2,1,-0.6,-0.9,-0.3,-0.2,-0.5,0.2,-2,-2.6,-1.5
"Chuck-will's-widow",1970,13,2019,2006,0.6,0,1.3,0.02,-1.9,-2.1,-1.7,-2.1,-2.2,-1.9,-1.4,-2,-0.9
"Chukar",1970,10,2019,2009,0.3,-3.5,4.2,0.44,0.2,-0.6,1,0.2,-0.8,1.1,0.5,-2.7,3.9
"Cinnamon Teal",1970,10,2019,2009,1.1,-1.3,3.8,0.19,-0.9,-1.5,-0.3,-1.1,-1.8,-0.5,-0.1,-2.2,2.3
"Clapper Rail",1970,10,2019,2009,-0.1,-1.6,1.2,0.56,-0.2,-0.6,0.3,-0.2,-0.7,0.4,-0.3,-1.5,0.9
"Clark's Nutcracker",1970,14,2019,2005,-3.9,-5.1,-2.6,1,0.5,0.1,0.9,1.6,1.1,2.1,-2.3,-3.2,-1.3
"Clay-colored Sparrow",1970,10,2019,2009,-0.4,-1.3,0.5,0.8,-1.1,-1.3,-0.9,-1,-1.3,-0.8,-1.4,-2.2,-0.7
"Cliff Swallow",1970,10,2019,2009,0.9,-0.2,2.4,0.06,1.6,1.3,2,1.4,1,1.8,2.3,1.3,3.6
"Common Gallinule",1970,10,2019,2009,-1.3,-3.6,1.3,0.84,-0.6,-1.3,0.1,-0.4,-1.1,0.4,-1.6,-3.7,0.8
"Common Goldeneye",1970,22,2019,1997,-0.6,-2.1,0.6,0.8,0.2,-0.2,0.7,0.5,-0.3,1.3,-0.1,-1,0.7
"Common Grackle",1970,13,2019,2006,-1.3,-1.7,-0.9,1,-1.8,-1.9,-1.7,-1.4,-1.5,-1.3,-2.7,-3.1,-2.4
"Common Loon",1970,25,2019,1994,-1.2,-2.1,-0.4,1,1.2,0.9,1.5,1.8,1.2,2.4,0.6,0.1,1
"Common Merganser",1970,16,2019,2003,-4.8,-6.5,-3.2,1,0.5,-0.1,1.1,2.1,1.4,3,-2.7,-4,-1.5
"Common Nighthawk",1970,14,2019,2005,0.6,0,1.2,0.03,-1.5,-1.7,-1.3,-1.7,-1.9,-1.5,-1.1,-1.6,-0.6
"Common Poorwill",1970,10,2019,2009,-0.8,-2.2,0.9,0.86,0.1,-0.3,0.6,0.3,-0.2,0.8,-0.5,-1.8,1
"Common Raven",1970,23,2019,1996,-2.6,-3.3,-2,1,2.7,2.4,3,3.9,3.4,4.4,1.3,1,1.6
"Common Redpoll",1993,10,2019,2009,1.5,-1.1,5.6,0.18,-2.2,-3.4,-1,-2.8,-4.6,-1.3,-1.3,-3.5,1.7
"Common Tern",1970,25,2019,1994,0.1,-1.6,1.9,0.45,-2.2,-2.9,-1.4,-2.2,-3.4,-1,-2.1,-3.1,-1
"Common Yellowthroat",1970,10,2019,2009,0.9,0.5,1.4,0,-0.6,-0.8,-0.5,-0.8,-1,-0.7,0.1,-0.3,0.6
"Connecticut Warbler",1970,10,2019,2009,-2,-3.8,-0.1,0.98,-1.2,-1.7,-0.6,-0.8,-1.4,-0.1,-2.8,-4.3,-1
"Cooper's Hawk",1970,17,2019,2002,-1.7,-2.5,-1,1,2.3,2,2.6,2.9,2.5,3.3,1.2,0.6,1.7
"Cordilleran Flycatcher",1970,10,2019,2009,-0.8,-1.8,0.4,0.91,-0.3,-0.6,0,-0.2,-0.6,0.3,-0.9,-1.8,0.1
"Costa's Hummingbird",1970,10,2019,2009,-1.6,-5.1,2.5,0.81,0.1,-0.7,1.1,0.4,-0.6,1.4,-1.2,-4.2,2.7
"Couch's Kingbird",1970,10,2019,2009,-9.8,-14.1,-5.7,1,9.5,8.3,10.7,11.6,10.4,12.8,1.8,-2.2,5.6
"Crested Caracara",1970,25,2019,1994,-3.7,-5.4,-2.2,1,6.3,5.6,7,8.2,7,9.4,4.5,3.5,5.4
"Crissal Thrasher",1970,10,2019,2009,-1.5,-3.6,0.2,0.96,0,-0.4,0.5,0.3,-0.3,1,-1.2,-2.9,0.3
"Curve-billed Thrasher",1970,10,2019,2009,0.6,-0.5,2.1,0.16,-0.3,-0.7,0,-0.5,-1,-0.1,0.1,-0.8,1.4
"Dark-eyed Junco",1970,10,2019,2009,-0.2,-1.2,0.6,0.72,-0.4,-0.7,-0.1,-0.4,-0.7,0,-0.6,-1.4,0.1
"Dickcissel",1970,10,2019,2009,3.3,2.3,4.4,0,-0.3,-0.5,-0.1,-1,-1.2,-0.7,2.4,1.4,3.3
"Double-crested Cormorant",1970,22,2019,1997,-6.7,-8.5,-4.9,1,5,4.2,5.8,8,7,9.1,1.4,0,2.7
"Downy Woodpecker",1970,10,2019,2009,-2.2,-2.9,-1.5,1,0,-0.2,0.2,0.4,0.2,0.6,-1.7,-2.4,-1.1
"Dusky Flycatcher",1970,10,2019,2009,-3,-4.2,-1.6,1,1.1,0.6,1.5,1.7,1.2,2.2,-1.3,-2.4,-0.1
"Dusky Grouse",1970,14,2019,2005,0,-1.5,1.5,0.48,0.4,-0.2,0.9,0.4,-0.4,1.1,0.4,-0.8,1.5
"Eared Grebe",1970,16,2019,2003,-0.8,-5,3.4,0.63,2.7,1.3,4.3,2.9,1.1,4.9,2.2,-1.3,5.5
"Eastern Bluebird",1970,10,2019,2009,-2.9,-3.7,-2,1,1.3,1.1,1.4,1.9,1.6,2.1,-1,-1.7,-0.3
"Eastern Kingbird",1970,10,2019,2009,-0.3,-0.9,0.3,0.83,-1.1,-1.2,-1,-1,-1.2,-0.9,-1.3,-1.8,-0.8
"Eastern Meadowlark",1970,10,2019,2009,1.1,0.4,1.8,0,-2.9,-3.1,-2.7,-3.1,-3.3,-3,-2,-2.7,-1.4
"Eastern Phoebe",1970,10,2019,2009,-0.9,-2.2,0.3,0.94,0.3,0,0.6,0.5,0.2,0.8,-0.4,-1.5,0.6
"Eastern Screech-Owl",1970,12,2019,2007,0.1,-1.7,2,0.46,-1.2,-1.6,-0.7,-1.2,-1.6,-0.7,-1.1,-2.7,0.6
"Eastern Towhee",1970,10,2019,2009,0.1,-0.4,0.6,0.34,-1.7,-1.8,-1.6,-1.7,-1.8,-1.6,-1.6,-2,-1.1
"Eastern Whip-poor-will",1970,12,2019,2007,2.7,1.4,4.1,0,-2.3,-2.6,-2,-3,-3.3,-2.6,-0.2,-1.3,1
"Eastern Wood-Pewee",1970,10,2019,2009,1.6,1.1,2.1,0,-1,-1.1,-0.9,-1.3,-1.5,-1.2,0.3,-0.1,0.7
"Eurasian Tree Sparrow",1970,10,2019,2009,-1.6,-5,0.9,0.88,5.2,4.4,6,5.5,4.6,6.5,4,1,6.3
"European Starling",1970,17,2019,2002,-1.3,-1.7,-0.9,1,-1.6,-1.7,-1.4,-1.1,-1.3,-0.9,-2.4,-2.7,-2.1
"Evening Grosbeak",1970,10,2019,2009,3.2,-0.4,7.2,0.04,-3.3,-4.1,-2.4,-4,-5,-3,-0.7,-3.9,2.9
"Ferruginous Hawk",1970,21,2019,1998,-3,-3.9,-2.1,1,1.7,1.3,2.1,3,2.4,3.6,0,-0.6,0.6
"Field Sparrow",1970,10,2019,2009,0.8,0.2,1.5,0.01,-2.2,-2.3,-2,-2.3,-2.5,-2.2,-1.5,-2.1,-0.9
"Fish Crow",1970,16,2019,2003,-1.4,-2.1,-0.7,1,1.2,0.9,1.4,1.6,1.3,2,0.2,-0.4,0.8
"Forster's Tern",1970,24,2019,1995,-4.5,-6.4,-2.6,1,-1.3,-2,-0.6,0.9,-0.3,2.2,-3.5,-4.7,-2.4
"Fox Sparrow",1970,10,2019,2009,-1.6,-3.6,0,0.97,0.9,0.3,1.4,1.2,0.5,2,-0.3,-2,0.9
"Franklin's Gull",1970,22,2019,1997,12.7,7.4,18.7,0,-1.5,-3,0,-7,-9.3,-4.8,5.7,1.9,10.2
"Fulvous Whistling-Duck",1970,10,2019,2009,-4.4,-9.3,-0.2,0.98,3.1,2,4.4,4,2.8,5.5,-0.4,-4.6,3.6
"Gambel's Quail",1970,10,2019,2009,-0.8,-2.5,0.5,0.86,-0.1,-0.5,0.3,0,-0.5,0.6,-0.7,-2.1,0.5
"Gila Woodpecker",1970,10,2019,2009,-0.1,-1.2,1,0.55,-0.4,-0.8,0,-0.4,-0.8,0.1,-0.4,-1.4,0.5
"Gilded Flicker",1970,10,2019,2009,0.4,-0.8,2,0.28,-0.5,-1,0,-0.6,-1.2,0,-0.2,-1.2,1.2
"Glaucous-winged Gull",1970,25,2019,1994,-0.6,-3.1,1,0.74,-1,-1.7,-0.2,-0.7,-1.8,0.9,-1.3,-2.5,-0.3
"Glossy Ibis",1970,22,2019,1997,7.2,1.9,11.5,0,3.9,2.5,5.4,0.7,-1.4,3,7.9,4.5,11.1
"Golden-crowned Kinglet",1970,10,2019,2009,-2.4,-3.9,-0.8,1,0,-0.4,0.3,0.5,0,0.9,-1.9,-3.2,-0.6
"Golden-crowned Sparrow",1993,10,2019,2009,-0.2,-1.7,1.3,0.59,-1.5,-2,-0.9,-1.4,-2.2,-0.7,-1.6,-2.8,-0.4
"Golden-fronted Woodpecker",1970,10,2019,2009,0.6,-0.4,1.7,0.11,-0.2,-0.5,0,-0.4,-0.6,-0.1,0.3,-0.7,1.2
"Golden-winged Warbler",1970,10,2019,2009,3.4,1.2,5.6,0,-2.3,-2.7,-1.9,-2.9,-3.4,-2.5,0.4,-1.5,2.4
"Golden Eagle",1970,25,2019,1994,-1.2,-1.9,-0.6,1,0.2,0,0.5,0.9,0.4,1.3,-0.4,-0.7,0
"Grace's Warbler",1970,10,2019,2009,0.1,-1.2,1.8,0.46,-1.7,-2.3,-1.2,-1.8,-2.4,-1.1,-1.6,-2.7,-0.2
"Grasshopper Sparrow",1970,10,2019,2009,-0.7,-1.7,0.4,0.89,-2.6,-2.8,-2.3,-2.4,-2.7,-2.1,-3.1,-4,-2.1
"Gray-cheeked Thrush",1993,10,2019,2009,5.8,2,9.6,0,-0.7,-2,0.5,-2.9,-4.7,-1.1,3,0.3,5.6
"Gray Catbird",1970,11,2019,2008,0.9,0.4,1.3,0,0,-0.1,0.2,-0.2,-0.3,0,0.7,0.3,1.1
"Gray Flycatcher",1970,10,2019,2009,-4.1,-6,-2.3,1,3.2,2.6,3.8,4,3.3,4.8,0,-1.7,1.5
"Gray Kingbird",1993,10,2019,2009,-0.3,-4.6,3.5,0.56,1.1,-0.5,2.8,1.2,-0.8,3.3,0.9,-2.2,3.8
"Gray Partridge",1970,10,2019,2009,0.1,-2.8,2.9,0.47,0.2,-0.5,1,0.1,-0.7,1.1,0.3,-2.2,2.9
"Gray Vireo",1970,10,2019,2009,5.1,2,8.3,0,2.4,1.6,3.3,1.4,0.4,2.4,6.5,3.9,9.4
"Great-tailed Grackle",1970,10,2019,2009,-4.8,-7,-2.7,1,1.2,0.7,1.7,2.2,1.6,2.8,-2.7,-4.6,-0.7
"Great Black-backed Gull",1970,25,2019,1994,-4,-7,-1.1,1,-3.1,-4.2,-2,-1.1,-3.2,1.3,-5,-6.5,-3.6
"Great Blue Heron",1970,23,2019,1996,-3.4,-3.8,-3,1,0.8,0.6,0.9,2.4,2.1,2.7,-1.1,-1.3,-0.8
"Great Crested Flycatcher",1970,11,2019,2008,-0.1,-0.5,0.2,0.78,0,-0.1,0.1,0,-0.1,0.1,-0.1,-0.5,0.2
"Great Egret",1970,19,2019,2000,-3,-4.5,-1.5,1,2.7,2.3,3.2,3.9,3.2,4.6,0.9,-0.2,2
"Great Gray Owl",1993,18,2019,2001,0.4,-3.3,4.7,0.42,0.8,-0.8,2.5,0.5,-2.8,3.8,0.9,-1,3.2
"Great Horned Owl",1970,23,2019,1996,-0.6,-1.4,0.2,0.93,0.3,0,0.6,0.6,0,1.1,0,-0.5,0.5
"Greater Prairie-Chicken",1970,10,2019,2009,0.5,-4.4,5.7,0.42,3.9,2.4,5.5,3.8,2.1,5.5,4.3,-0.3,8.7
"Greater Roadrunner",1970,10,2019,2009,3,1.1,5.6,0,0.9,0.6,1.4,0.3,-0.2,0.8,3.4,1.6,5.6
"Greater Sage-Grouse",1970,12,2019,2007,-2.3,-8.1,3.2,0.8,-2.9,-4.1,-1.8,-2.3,-3.8,-0.7,-4.6,-9.2,0
"Green-tailed Towhee",1970,10,2019,2009,-0.6,-1.3,0.2,0.92,0.3,0.1,0.5,0.4,0.1,0.6,-0.2,-0.8,0.5
"Green Heron",1970,13,2019,2006,-0.9,-1.6,-0.3,1,-1.8,-1.9,-1.6,-1.5,-1.7,-1.3,-2.4,-3,-1.9
"Green Jay",1970,22,2019,1997,4.8,1.5,8.1,0,7.3,6,8.7,5.2,3.2,7.1,9.9,7.7,12.3
"Groove-billed Ani",1970,10,2019,2009,-0.3,-6.4,6.5,0.56,-0.7,-2,0.8,-0.7,-2,0.7,-1,-6.5,5.4
"Gull-billed Tern",1970,25,2019,1994,-3.1,-7.6,0.4,0.94,-0.2,-1.4,0.9,1.4,-0.7,4,-1.7,-4.2,0.4
"Hairy Woodpecker",1970,10,2019,2009,-0.7,-1.3,-0.2,1,0.9,0.8,1,1,0.9,1.2,0.3,-0.2,0.8
"Hammond's Flycatcher",1970,10,2019,2009,-2.7,-3.9,-1.6,1,0.9,0.6,1.2,1.4,1.1,1.8,-1.3,-2.3,-0.3
"Harris's Hawk",1970,20,2019,1999,-0.2,-1.6,0.9,0.59,-1.1,-1.7,-0.6,-1,-1.6,-0.3,-1.2,-2.4,-0.3
"Henslow's Sparrow",1970,10,2019,2009,-4,-6.8,-1.2,1,-1.8,-2.5,-1.1,-0.9,-1.7,-0.2,-4.9,-7.4,-2.4
"Hepatic Tanager",1970,10,2019,2009,0.1,-1.8,1.7,0.42,1.4,0.8,1.9,1.4,0.7,2,1.5,-0.2,2.8
"Hermit Thrush",1970,10,2019,2009,-1.4,-2.9,-0.2,0.99,-0.3,-0.8,0.2,0,-0.5,0.6,-1.4,-2.7,-0.4
"Hermit Warbler",1970,10,2019,2009,-2.1,-3.2,-1,1,0.1,-0.2,0.4,0.5,0.2,0.9,-1.6,-2.5,-0.6
"Herring Gull",1970,25,2019,1994,-0.1,-2.5,2,0.53,-1.9,-2.8,-0.9,-1.8,-3.2,-0.1,-1.9,-3.3,-0.5
"Hooded Merganser",1970,14,2019,2005,-3.1,-5.3,-0.8,1,4.2,3.6,4.9,5.1,4.2,6,2,0.2,3.7
"Hooded Oriole",1970,10,2019,2009,2.8,0.9,5,0,1.3,0.7,1.8,0.7,0.1,1.3,3.5,1.8,5.4
"Hooded Warbler",1970,10,2019,2009,-1.3,-2.2,-0.3,1,1.4,1.2,1.6,1.6,1.4,1.9,0.4,-0.5,1.2
"Horned Grebe",1970,14,2019,2005,0.4,-1.4,2.9,0.36,-1.5,-2.4,-0.6,-1.6,-2.7,-0.6,-1.2,-2.8,0.8
"Horned Lark",1970,10,2019,2009,-1.3,-1.9,-0.7,1,-2.3,-2.5,-2.1,-2,-2.2,-1.8,-3.3,-3.9,-2.7
"House Finch",1970,10,2019,2009,-1.5,-2.4,-0.6,1,0.2,-0.1,0.4,0.5,0.1,0.8,-1,-1.8,-0.2
"House Sparrow",1970,12,2019,2007,0.3,-0.2,0.7,0.14,-3.2,-3.3,-3,-3.2,-3.4,-3.1,-3,-3.4,-2.5
"House Wren",1970,10,2019,2009,1.4,0.7,2.2,0,0.7,0.5,0.9,0.4,0.2,0.6,1.9,1.2,2.6
"Hutton's Vireo",1970,10,2019,2009,-0.8,-2.7,1.2,0.79,2.1,1.6,2.6,2.2,1.6,2.8,1.4,-0.3,3.2
"Inca Dove",1970,10,2019,2009,-9.8,-12.3,-7.3,1,1,0.3,1.6,3,2.3,3.8,-6.8,-9,-4.6
"Indigo Bunting",1970,10,2019,2009,-1.2,-1.6,-0.8,1,-0.7,-0.8,-0.6,-0.4,-0.5,-0.4,-1.7,-2,-1.3
"Juniper Titmouse",1970,10,2019,2009,0.9,-0.2,2.4,0.07,0.2,-0.1,0.6,0.1,-0.4,0.5,0.9,0,2.2
"Kentucky Warbler",1970,10,2019,2009,-0.2,-1,0.7,0.67,-0.6,-0.8,-0.4,-0.6,-0.8,-0.4,-0.8,-1.5,0
"Killdeer",1970,12,2019,2007,-0.9,-1.4,-0.3,1,-0.9,-1,-0.8,-0.7,-0.9,-0.5,-1.5,-2,-1.1
"King Rail",1970,10,2019,2009,-2.1,-6.7,0.6,0.9,-4.6,-5.6,-3.7,-4.2,-5.2,-3,-6.3,-10.2,-3.6
"Ladder-backed Woodpecker",1970,10,2019,2009,-0.2,-1.1,0.8,0.61,0.1,-0.1,0.3,0.1,-0.1,0.4,0,-0.9,0.8
"Lapland Longspur",1993,10,2019,2009,-2.1,-8.6,2,0.78,-3.5,-5.5,-1.7,-2.6,-4.9,0.1,-4.7,-9.6,-1.5
"Lark Bunting",1970,10,2019,2009,1.9,-0.6,4.6,0.06,-2.9,-3.6,-2.3,-3.3,-4,-2.6,-1.4,-3.7,1
"Lark Sparrow",1970,10,2019,2009,-1.6,-2.4,-0.9,1,-1.1,-1.3,-0.9,-0.8,-1,-0.6,-2.4,-3.1,-1.7
"Laughing Gull",1970,24,2019,1995,-6.5,-8.7,-4.5,1,2.1,1.4,3,5.4,4.1,6.7,-1.1,-2.5,0.2
"Lawrence's Goldfinch",1970,10,2019,2009,-0.2,-2.1,1.3,0.58,-0.3,-0.8,0.3,-0.2,-0.8,0.4,-0.4,-2.1,1
"Lazuli Bunting",1970,10,2019,2009,2.7,1.4,3.9,0,0.7,0.4,1,0.1,-0.2,0.4,2.8,1.7,3.9
"Least Bittern",1970,10,2019,2009,-0.1,-2,1.4,0.56,-0.2,-0.8,0.4,-0.2,-0.9,0.5,-0.3,-2,1
"Least Flycatcher",1970,10,2019,2009,-1,-1.7,-0.2,0.99,-1.3,-1.6,-1.1,-1.1,-1.4,-0.8,-2.1,-2.7,-1.5
"Least Tern",1970,25,2019,1994,-0.2,-2.1,1.5,0.57,-3.8,-4.7,-3,-3.8,-5,-2.5,-3.9,-5.2,-2.8
"LeConte's Sparrow",1970,10,2019,2009,-1.5,-4.5,1.6,0.84,-1.1,-1.8,-0.4,-0.8,-1.6,0,-2.3,-5,0.5
"LeConte's Thrasher",1970,10,2019,2009,2.2,-0.4,7.3,0.08,-1.6,-2.3,-0.9,-2.1,-3.1,-1.3,0.2,-2.3,4.5
"Lesser Goldfinch",1970,10,2019,2009,-0.4,-2.2,1.2,0.69,0.4,0,0.7,0.5,0.1,0.9,0,-1.5,1.4
"Lesser Nighthawk",1970,11,2019,2008,-2.6,-4.3,-1,1,0.2,-0.3,0.7,0.8,0.2,1.4,-1.9,-3.2,-0.5
"Lesser Scaup",1970,16,2019,2003,-0.1,-2.1,2.2,0.56,-0.8,-1.6,0,-0.8,-1.8,0.3,-0.9,-2.4,1
"Lewis's Woodpecker",1970,10,2019,2009,-0.1,-1.6,1.5,0.61,-1.7,-2.2,-1.2,-1.7,-2.2,-1.1,-1.8,-3.2,-0.3
"Lincoln's Sparrow",1970,10,2019,2009,-1.5,-3.3,0.1,0.96,0.8,0.1,1.7,1.1,0.3,2.1,-0.4,-1.8,1
"Little Blue Heron",1970,11,2019,2008,-3.1,-4.5,-1.6,1,-1.2,-1.6,-0.9,-0.5,-0.9,-0.1,-3.6,-4.8,-2.3
"Loggerhead Shrike",1970,10,2019,2009,2.9,1.9,3.9,0,-2.6,-2.8,-2.4,-3.2,-3.4,-3,-0.3,-1.2,0.6
"Long-billed Curlew",1970,21,2019,1998,0.8,0,1.6,0.02,0.2,0,0.5,-0.1,-0.5,0.3,0.7,0.2,1.2
"Long-billed Thrasher",1970,10,2019,2009,-3,-7.8,0.3,0.94,5.7,4.7,6.6,6.3,5.5,7.3,3.3,-1.1,6.4
"Louisiana Waterthrush",1970,10,2019,2009,0.8,0.1,1.6,0.01,0.7,0.5,0.8,0.5,0.3,0.7,1.3,0.7,2
"Lucy's Warbler",1970,10,2019,2009,0.3,-0.5,1.4,0.25,0.4,0.1,0.7,0.3,0,0.7,0.7,-0.1,1.6
"MacGillivray's Warbler",1970,10,2019,2009,-1,-1.9,-0.2,0.99,-0.4,-0.7,-0.2,-0.2,-0.5,0,-1.3,-2,-0.5
"Magnolia Warbler",1970,10,2019,2009,-2.1,-3,-1.1,1,0.8,0.5,1.1,1.2,0.9,1.6,-0.8,-1.7,0
"Marbled Godwit",1970,23,2019,1996,-1.2,-2,-0.5,1,-0.5,-0.8,-0.3,0,-0.4,0.5,-1.2,-1.7,-0.7
"Marsh Wren",1970,10,2019,2009,0,-1.8,1.9,0.51,2.1,1.7,2.6,2.1,1.6,2.7,2.1,0.6,3.9
"McCown's Longspur",1970,10,2019,2009,6.5,1.8,11.6,0,-2.2,-3,-1.3,-3.5,-4.6,-2.5,3.1,-1.1,7.4
"Merlin",1970,10,2019,2009,-4.9,-7.1,-2.8,1,3.4,2.8,4.1,4.4,3.7,5.2,-0.4,-2.4,1.4
"Mew Gull",1993,20,2019,1999,-1.2,-5.1,1.4,0.8,-2.9,-4,-1.9,-2,-4.3,1.4,-3.2,-4.4,-2.1
"Mexican Jay",1993,17,2019,2002,0.9,-2,4.9,0.28,0.4,-0.9,1.7,-0.2,-3,2.1,0.7,-1,2.7
"Mississippi Kite",1970,16,2019,2003,3.2,2,4.5,0,1.5,1.1,1.9,0.4,-0.2,1,3.6,2.7,4.6
"Mottled Duck",1970,14,2019,2005,0.7,-0.6,2.7,0.18,-2.1,-2.6,-1.5,-2.3,-3,-1.7,-1.5,-2.7,0.1
"Mountain Bluebird",1970,10,2019,2009,-1.2,-2.4,0,0.97,-0.3,-0.7,0,-0.1,-0.5,0.4,-1.3,-2.3,-0.2
"Mountain Chickadee",1970,10,2019,2009,-2.1,-3.1,-1.2,1,-0.8,-1.1,-0.6,-0.4,-0.7,-0.1,-2.5,-3.3,-1.7
"Mountain Plover",1970,13,2019,2006,-0.7,-3.3,1,0.73,-2.5,-3.4,-1.8,-2.3,-3.1,-1.6,-3,-5.5,-1.5
"Mountain Quail",1970,10,2019,2009,-1.2,-3.4,0.6,0.91,-0.5,-1,0,-0.2,-0.8,0.4,-1.5,-3.4,0.2
"Mourning Dove",1970,17,2019,2002,-0.4,-0.8,0.1,0.96,-0.5,-0.6,-0.3,-0.3,-0.5,-0.1,-0.7,-1,-0.4
"Mourning Warbler",1970,10,2019,2009,0.3,-0.8,1.3,0.28,-1.4,-1.7,-1.1,-1.5,-1.8,-1.1,-1.2,-2.1,-0.3
"Mute Swan",1970,25,2019,1994,-5.2,-10,-0.4,0.99,2.9,1.4,4.7,5.6,2.4,9.1,0.4,-2.1,3
"Nashville Warbler",1970,10,2019,2009,-3,-4.1,-1.9,1,-0.4,-0.7,-0.1,0.3,-0.1,0.6,-2.7,-3.6,-1.8
"Nelson's Sparrow",1970,10,2019,2009,-9.5,-12.3,-6.7,1,1.3,0.3,2.1,3.3,2.3,4.2,-6.2,-8.9,-3.5
"Northern Bobwhite",1970,10,2019,2009,2.9,1.6,4.3,0,-3.2,-3.6,-2.9,-3.8,-4.1,-3.5,-0.9,-2.1,0.4
"Northern Cardinal",1970,13,2019,2006,-0.3,-0.7,0,0.98,0.1,0,0.2,0.2,0.1,0.3,-0.1,-0.4,0.2
"Northern Flicker",1970,10,2019,2009,0.5,0,1,0.03,-1.3,-1.4,-1.1,-1.4,-1.5,-1.2,-0.9,-1.4,-0.4
"Northern Goshawk",1970,23,2019,1996,-0.8,-2.1,0.3,0.91,-0.1,-0.5,0.4,0.3,-0.4,1.1,-0.5,-1.3,0.2
"Northern Harrier",1970,14,2019,2005,-0.6,-1.5,0.3,0.91,-0.8,-1.1,-0.5,-0.6,-1,-0.3,-1.2,-2,-0.5
"Northern Mockingbird",1970,12,2019,2007,-0.3,-0.8,0.2,0.87,-0.8,-1,-0.7,-0.8,-0.9,-0.6,-1.1,-1.5,-0.6
"Northern Parula",1970,10,2019,2009,1.2,0.5,1.8,0,1.5,1.3,1.6,1.2,1,1.4,2.4,1.8,3
"Northern Pygmy-Owl",1970,10,2019,2009,-0.5,-2,0.6,0.81,0.4,0.1,0.8,0.6,0.2,1,0,-1.2,1.1
"Northern Rough-winged Swallow",1970,10,2019,2009,-0.6,-1.3,0.3,0.91,-0.3,-0.5,-0.1,-0.2,-0.4,0,-0.8,-1.5,0
"Northern Waterthrush",1970,10,2019,2009,0.6,-0.6,1.9,0.14,0.5,0.1,0.9,0.4,-0.1,0.8,1,-0.1,2
"Northwestern Crow",1970,19,2019,2000,-2.8,-3.9,-1.7,1,0.2,-0.2,0.6,1.3,0.6,2,-1.5,-2.2,-0.8
"Nuttall's Woodpecker",1970,10,2019,2009,-1.4,-2.7,-0.3,0.99,1,0.8,1.4,1.3,1,1.7,-0.1,-1.2,1
"Oak Titmouse",1970,10,2019,2009,-0.1,-0.9,0.7,0.56,-1.2,-1.4,-1,-1.2,-1.4,-1,-1.3,-2,-0.5
"Olive-sided Flycatcher",1970,10,2019,2009,1.6,0.5,2.8,0,-2.1,-2.4,-1.8,-2.4,-2.8,-2.1,-0.8,-1.8,0.2
"Olive Sparrow",1970,10,2019,2009,-6.4,-9.5,-3.4,1,3.9,3.2,4.6,5.2,4.4,6.2,-1.2,-3.7,1.4
"Orange-crowned Warbler",1970,10,2019,2009,-0.5,-2.1,1.1,0.75,0.3,-0.3,1,0.4,-0.4,1.2,-0.1,-1.3,1.2
"Orchard Oriole",1970,10,2019,2009,-1.1,-1.7,-0.4,1,-1,-1.2,-0.9,-0.8,-1,-0.7,-1.9,-2.5,-1.3
"Osprey",1970,25,2019,1994,-1.6,-3.1,-0.3,0.99,3.3,2.8,3.9,4.2,3.2,5.2,2.5,1.7,3.2
"Ovenbird",1970,10,2019,2009,0.1,-0.5,0.7,0.35,0.4,0.2,0.6,0.4,0.1,0.6,0.5,-0.1,1
"Pacific-slope Flycatcher",1970,10,2019,2009,1,-0.1,2,0.03,0.4,0.1,0.7,0.2,-0.2,0.6,1.2,0.3,2
"Pacific Wren",1970,10,2019,2009,-1,-3.3,1.4,0.8,0.3,-0.4,0.9,0.5,-0.3,1.3,-0.5,-2.4,1.6
"Painted Bunting",1970,10,2019,2009,0.7,-0.2,1.6,0.06,-0.5,-0.7,-0.3,-0.6,-0.9,-0.4,0.1,-0.8,0.9
"Palm Warbler",1970,10,2019,2009,-0.9,-3,0.7,0.84,0.7,0.1,1.6,0.9,0.1,2,0,-1.5,1.5
"Pelagic Cormorant",1970,22,2019,1997,-0.7,-4,1.4,0.68,-1.2,-2.4,-0.1,-0.9,-2.4,1,-1.6,-3.8,0
"Peregrine Falcon",1970,18,2019,2001,-2.6,-5.2,0.4,0.96,6.2,5,7.4,7.1,5.2,8.9,4.5,2.9,6.3
"Phainopepla",1970,10,2019,2009,1.8,-0.8,4.6,0.1,1.5,0.8,2.2,1.1,0.3,1.9,3,0.5,5.5
"Philadelphia Vireo",1970,10,2019,2009,4.9,1.5,8.6,0,2.1,1.4,2.9,1.1,0.1,2,6,3.1,9.2
"Pied-billed Grebe",1970,11,2019,2008,0.5,-1.9,3.1,0.35,0.2,-0.4,0.8,0.1,-0.6,0.8,0.6,-1.6,2.9
"Pileated Woodpecker",1970,14,2019,2005,-0.5,-0.9,-0.1,0.99,1.8,1.7,1.9,2,1.8,2.1,1.4,1.1,1.8
"Pine Grosbeak",1970,10,2019,2009,0.1,-1.9,2.1,0.47,-2.7,-3.5,-2,-2.8,-3.6,-1.9,-2.7,-4.4,-0.9
"Pine Siskin",1970,10,2019,2009,0,-3,3.5,0.5,-1.9,-2.6,-1.2,-1.9,-2.7,-1.1,-1.9,-4.6,1.2
"Pine Warbler",1970,10,2019,2009,-1.8,-2.8,-0.8,1,1.4,1.1,1.6,1.7,1.5,2,-0.1,-1,0.8
"Pinyon Jay",1970,14,2019,2005,-0.4,-1.7,1.1,0.73,-2.8,-3.3,-2.2,-2.7,-3.3,-2,-3.1,-4.2,-1.7
"Plumbeous Vireo",1970,10,2019,2009,1.6,-0.6,4,0.08,0.6,-0.4,1.7,0.3,-1,1.6,1.9,0.2,3.7
"Prairie Falcon",1970,15,2019,2004,-0.8,-2,0.2,0.94,1.1,0.8,1.5,1.4,0.9,1.9,0.6,-0.2,1.3
"Prairie Warbler",1970,10,2019,2009,0.6,-0.2,1.4,0.07,-1.8,-2,-1.6,-1.9,-2.1,-1.7,-1.3,-2.1,-0.6
"Prothonotary Warbler",1970,10,2019,2009,0.7,-0.1,1.5,0.04,-1,-1.3,-0.8,-1.2,-1.4,-0.9,-0.5,-1.2,0.2
"Purple Finch",1970,10,2019,2009,2.1,0.9,3.3,0,-0.8,-1.1,-0.6,-1.3,-1.5,-1,0.8,-0.2,1.9
"Purple Gallinule",1970,10,2019,2009,-0.8,-4.7,4.1,0.7,-1.4,-2.5,-0.3,-1.3,-2.5,0,-2.1,-5.4,2.3
"Purple Martin",1970,10,2019,2009,-2.8,-3.8,-1.9,1,-0.6,-0.9,-0.3,-0.1,-0.4,0.3,-2.9,-3.7,-2.1
"Pygmy Nuthatch",1970,10,2019,2009,-0.1,-1.2,1.1,0.57,-0.3,-0.7,0.2,-0.2,-0.7,0.2,-0.3,-1.3,0.7
"Pyrrhuloxia",1970,17,2019,2002,-1.2,-2.3,-0.1,0.98,-1.1,-1.5,-0.7,-0.7,-1.2,-0.2,-1.9,-2.7,-1.1
"Red-bellied Woodpecker",1970,10,2019,2009,-0.3,-0.9,0.2,0.91,1,0.9,1.1,1.1,1,1.2,0.7,0.3,1.2
"Red-breasted Merganser",1970,18,2019,2001,-1.2,-4.6,1.3,0.79,-1.8,-2.9,-0.7,-1.3,-2.8,0.5,-2.5,-4.8,-0.7
"Red-breasted Nuthatch",1970,10,2019,2009,-2.6,-4.3,-0.9,1,1.6,1.3,2,2.2,1.8,2.6,-0.4,-1.9,1.1
"Red-breasted Sapsucker",1970,10,2019,2009,-0.9,-2.6,0.4,0.9,1.7,1.3,2.2,1.9,1.4,2.5,1,-0.4,2.2
"Red-cockaded Woodpecker",1970,10,2019,2009,4.8,0,9.3,0.02,-1.5,-2.4,-0.6,-2.4,-3.5,-1.3,2.4,-1.8,6.3
"Red-eyed Vireo",1970,10,2019,2009,-0.2,-0.7,0.3,0.83,0.7,0.5,0.8,0.7,0.5,0.9,0.5,0,1
"Red-faced Warbler",1993,10,2019,2009,-0.1,-3.3,2.9,0.53,-2.5,-3.8,-1.2,-2.4,-4.4,-0.5,-2.5,-4.6,-0.5
"Red-headed Woodpecker",1970,10,2019,2009,4.8,3.9,5.7,0,-1.3,-1.5,-1.1,-2.3,-2.5,-2.1,2.5,1.7,3.3
"Red-naped Sapsucker",1970,10,2019,2009,-6.5,-8.6,-4.4,1,1.4,0.9,1.8,2.7,2.1,3.3,-3.8,-5.6,-2
"Red-necked Grebe",1970,17,2019,2002,-0.9,-4,0.9,0.78,1.1,0.3,2.1,1.5,0.3,3,0.5,-1.3,1.9
"Red-shouldered Hawk",1970,17,2019,2002,-0.3,-0.7,0.1,0.92,3,2.8,3.1,3.1,2.9,3.3,2.8,2.5,3.1
"Red-tailed Hawk",1970,25,2019,1994,-2.3,-2.7,-2,1,1.8,1.7,2,3,2.8,3.3,0.7,0.5,0.9
"Red-throated Loon",1993,20,2019,1999,0.3,-3.4,4.6,0.44,-0.1,-1.7,1.6,-0.3,-4.1,3.1,-0.1,-1.8,1.8
"Red-winged Blackbird",1970,13,2019,2006,0.6,0.2,0.9,0,-0.8,-0.9,-0.7,-1,-1.1,-0.9,-0.4,-0.7,-0.1
"Red Crossbill",1970,10,2019,2009,-4.8,-7.4,-2.1,1,1.2,0.6,1.9,2.2,1.4,3,-2.6,-4.9,-0.2
"Ring-billed Gull",1970,25,2019,1994,-8.8,-10.6,-7,1,2.6,2,3.3,7.2,5.9,8.4,-1.6,-2.6,-0.6
"Ring-necked Duck",1970,12,2019,2007,-1.4,-4.9,2.7,0.76,2.4,1.4,3.4,2.7,1.3,4,1.3,-1.5,4.6
"Ring-necked Pheasant",1970,15,2019,2004,0.3,-0.4,1,0.19,-1.1,-1.3,-0.8,-1.2,-1.4,-0.9,-0.8,-1.4,-0.3
"Rock Pigeon",1970,12,2019,2007,-0.8,-1.6,0,0.96,-0.3,-0.5,-0.1,-0.1,-0.3,0.1,-0.9,-1.6,-0.1
"Rock Wren",1970,10,2019,2009,-3.1,-4.7,-1.5,1,-0.7,-1.1,-0.4,-0.1,-0.5,0.3,-3.2,-4.6,-1.8
"Rose-breasted Grosbeak",1970,10,2019,2009,-1,-1.7,-0.2,0.99,-0.3,-0.6,-0.1,-0.1,-0.4,0.1,-1.1,-1.8,-0.4
"Roseate Spoonbill",1970,24,2019,1995,-0.4,-3.1,2,0.61,5.3,4,6.4,5.5,3.6,7.2,5.1,3.3,6.6
"Royal Tern",1970,25,2019,1994,-0.9,-3.1,0.6,0.83,-0.4,-1.1,0.2,0,-1,1.4,-0.9,-2.1,0.1
"Ruby-crowned Kinglet",1970,10,2019,2009,-0.5,-2,0.5,0.82,1.4,1,1.8,1.6,1.1,2,1,-0.3,2
"Ruby-throated Hummingbird",1970,10,2019,2009,-2.9,-3.7,-2.2,1,1.1,0.9,1.3,1.7,1.5,1.9,-1.2,-1.9,-0.6
"Ruddy Duck",1970,12,2019,2007,0.2,-1.3,1.8,0.4,1.2,0.7,1.7,1.2,0.6,1.7,1.3,0,2.7
"Ruffed Grouse",1970,10,2019,2009,1.4,0.1,2.9,0.01,0.1,-0.2,0.5,-0.2,-0.6,0.2,1.2,0.1,2.6
"Rufous-crowned Sparrow",1970,10,2019,2009,0.7,-0.9,2.4,0.21,0,-0.4,0.4,-0.2,-0.6,0.3,0.5,-0.9,2.1
"Rufous Hummingbird",1970,10,2019,2009,-1.8,-3.1,-0.6,1,-2.1,-2.4,-1.7,-1.7,-2,-1.3,-3.5,-4.7,-2.4
"Rusty Blackbird",1970,10,2019,2009,5.7,1.5,10.2,0.01,-3.4,-4.6,-2.4,-4.6,-5.9,-3.3,1.2,-2.6,5.1
"Sage Thrasher",1970,10,2019,2009,-0.6,-1.8,0.6,0.83,-0.5,-0.8,-0.1,-0.3,-0.7,0,-0.9,-2,0.1
"Sagebrush Sparrow",1970,10,2019,2009,0,-1.8,1.8,0.52,-0.8,-1.4,-0.3,-0.8,-1.5,-0.3,-0.9,-2.5,0.7
"Sandhill Crane",1970,25,2019,1994,-4.2,-5.9,-2.4,1,6.5,5.6,7.2,8.7,7.2,10,4.5,3.5,5.4
"Savannah Sparrow",1970,10,2019,2009,-1.3,-2.3,-0.2,0.99,-1.1,-1.6,-0.7,-0.9,-1.4,-0.4,-2.1,-3,-1.3
"Say's Phoebe",1970,10,2019,2009,-1.1,-2,-0.2,0.99,1.1,0.9,1.4,1.3,1,1.7,0.3,-0.5,1
"Scaled Quail",1970,10,2019,2009,9.5,5.8,13.3,0,-0.9,-1.6,-0.2,-2.7,-3.6,-1.9,6.7,3.4,10
"Scarlet Tanager",1970,10,2019,2009,-1.2,-1.9,-0.5,1,0,-0.1,0.2,0.3,0.1,0.5,-0.9,-1.5,-0.3
"Scissor-tailed Flycatcher",1970,10,2019,2009,-0.9,-1.8,-0.1,0.99,-1.1,-1.3,-0.8,-0.9,-1.1,-0.7,-1.8,-2.6,-1
"Scott's Oriole",1970,10,2019,2009,-2.1,-3.2,-0.9,1,-0.7,-1,-0.4,-0.3,-0.6,0.1,-2.3,-3.4,-1.3
"Seaside Sparrow",1970,10,2019,2009,2,-0.7,6,0.09,1.9,1,2.9,1.5,0.4,2.5,3.5,1,7.1
"Sedge Wren",1970,10,2019,2009,0.2,-2.4,2.8,0.43,0.9,0.4,1.6,0.9,0.2,1.6,1.1,-1.1,3.4
"Sharp-shinned Hawk",1970,17,2019,2002,-4.5,-5.4,-3.6,1,1,0.7,1.4,2.6,2.2,3,-1.9,-2.5,-1.2
"Sharp-tailed Grouse",1970,10,2019,2009,1.8,0.2,3.7,0.01,0.5,0.1,0.9,0.1,-0.4,0.6,1.9,0.5,3.6
"Short-eared Owl",1970,12,2019,2007,0.4,-1.2,2.6,0.32,-1.7,-2.4,-1,-1.7,-2.6,-1,-1.4,-2.8,0.5
"Snowy Egret",1970,13,2019,2006,-3.4,-6.3,-0.2,0.98,2.2,1.5,2.9,3.1,2.2,3.9,-0.3,-2.8,2.4
"Solitary Sandpiper",1970,10,2019,2009,0.6,-1,3.1,0.3,0.4,-0.3,1.1,0.3,-0.5,1,0.8,-0.6,3
"Song Sparrow",1970,10,2019,2009,0.5,0,1,0.04,-0.9,-1,-0.7,-1,-1.1,-0.8,-0.5,-0.9,0
"Sooty Grouse",1970,11,2019,2008,2,0.2,4.1,0.02,-0.6,-1.1,-0.1,-1.1,-1.7,-0.5,0.9,-0.7,2.6
"Sora",1970,10,2019,2009,0.7,-1,3.3,0.25,0.5,0,1,0.3,-0.3,0.9,1,-0.5,3.3
"Spotted Sandpiper",1970,11,2019,2008,-0.2,-1.1,0.6,0.7,-1.9,-2.2,-1.5,-1.8,-2.2,-1.4,-2.1,-2.8,-1.3
"Spotted Towhee",1970,10,2019,2009,-0.9,-1.6,-0.3,1,0,-0.2,0.1,0.2,-0.1,0.4,-0.8,-1.3,-0.2
"Sprague's Pipit",1970,10,2019,2009,-1.6,-4.1,0.3,0.94,-3.4,-4,-2.9,-3.1,-3.6,-2.4,-4.7,-6.8,-3
"Steller's Jay",1970,13,2019,2006,-1.5,-2,-0.9,1,-0.3,-0.5,-0.2,0.1,-0.2,0.3,-1.4,-1.9,-1
"Summer Tanager",1970,10,2019,2009,1.3,0.8,1.7,0,0.4,0.3,0.5,0.1,0,0.2,1.4,0.9,1.8
"Swainson's Hawk",1970,25,2019,1994,-0.4,-1,0.2,0.89,1.5,1.2,1.7,1.7,1.2,2.1,1.3,1,1.6
"Swainson's Thrush",1970,10,2019,2009,0.5,-0.1,1.1,0.04,0,-0.2,0.2,-0.1,-0.4,0.1,0.4,-0.1,0.9
"Swainson's Warbler",1970,10,2019,2009,5.1,3,7.2,0,2.9,2.3,3.6,1.9,1.3,2.5,7,5.1,9
"Swallow-tailed Kite",1970,20,2019,1999,-1,-2.7,0.3,0.93,6,5.5,6.5,6.4,5.6,7.4,5.4,4.4,6.2
"Swamp Sparrow",1970,10,2019,2009,-0.5,-1.6,0.5,0.86,0.6,0.2,0.9,0.7,0.2,1.1,0.2,-0.8,1
"Tennessee Warbler",1970,10,2019,2009,2.4,0.1,5.3,0.02,-1.2,-2.1,-0.3,-1.7,-2.9,-0.7,0.7,-1.2,3.1
"Townsend's Solitaire",1970,10,2019,2009,-2.4,-3.6,-1.2,1,0.9,0.6,1.2,1.4,1.1,1.8,-1,-2.1,0.1
"Townsend's Warbler",1970,10,2019,2009,-3.4,-4.8,-2.1,1,0.7,0.4,1.1,1.4,1,1.9,-2,-3.1,-0.9
"Tree Swallow",1970,10,2019,2009,0.1,-0.5,0.9,0.34,-0.8,-1,-0.6,-0.8,-1.1,-0.6,-0.7,-1.3,0
"Tricolored Blackbird",1970,12,2019,2007,-0.3,-4.5,2.4,0.57,-0.7,-2.5,0.8,-0.6,-2.5,1,-1,-4.8,1.7
"Tricolored Heron",1970,16,2019,2003,-1,-2.4,0.2,0.95,-0.7,-1.1,-0.3,-0.4,-0.9,0.2,-1.3,-2.4,-0.4
"Tufted Titmouse",1970,10,2019,2009,-0.7,-1.5,0.2,0.94,0.8,0.6,1,0.9,0.7,1.1,0.3,-0.5,1
"Turkey Vulture",1970,21,2019,1998,-0.1,-0.5,0.3,0.7,2.6,2.4,2.7,2.6,2.3,2.9,2.5,2.2,2.8
"Upland Sandpiper",1970,11,2019,2008,-1.5,-2.4,-0.6,1,0.7,0.5,0.9,1,0.8,1.3,-0.5,-1.3,0.3
"Varied Bunting",1993,10,2019,2009,-0.5,-4.3,2.3,0.61,1,-0.4,2.4,1.2,-0.6,3.2,0.7,-1.9,2.9
"Varied Thrush",1970,10,2019,2009,-2.8,-4.2,-1.4,1,0.7,0.2,1.2,1.2,0.6,1.9,-1.6,-2.7,-0.4
"Vaux's Swift",1970,10,2019,2009,-2.7,-4.8,-0.8,0.99,-0.7,-1.2,-0.2,-0.1,-0.7,0.5,-2.8,-4.7,-1.1
"Veery",1970,10,2019,2009,0.8,0.1,1.4,0.01,-0.8,-1,-0.7,-1,-1.1,-0.8,-0.2,-0.8,0.4
"Verdin",1970,10,2019,2009,1.4,0,3.2,0.03,-1.3,-1.7,-0.8,-1.6,-2.1,-1,-0.2,-1.4,1.4
"Vermilion Flycatcher",1970,10,2019,2009,3.5,1.2,6.2,0,1,0.6,1.5,0.3,-0.3,0.9,3.9,1.9,6.1
"Vesper Sparrow",1970,10,2019,2009,-1.3,-2,-0.7,1,-1,-1.2,-0.8,-0.7,-0.9,-0.6,-2,-2.7,-1.5
"Violet-green Swallow",1970,10,2019,2009,-2.6,-3.7,-1.6,1,-0.6,-0.9,-0.3,0,-0.4,0.3,-2.6,-3.6,-1.7
"Virginia's Warbler",1970,10,2019,2009,-1.8,-3.3,-0.4,0.99,-1.2,-1.7,-0.7,-0.8,-1.5,-0.2,-2.6,-3.8,-1.5
"Virginia Rail",1970,10,2019,2009,-0.9,-3.9,1.8,0.74,0.6,-0.1,1.2,0.8,0,1.5,-0.2,-2.7,2.3
"Warbling Vireo",1970,10,2019,2009,-1.5,-2.2,-1,1,0.8,0.6,0.9,1.1,0.9,1.3,-0.4,-1,0.1
"Western Bluebird",1970,10,2019,2009,0.2,-0.8,1.1,0.28,0.8,0.5,1.1,0.7,0.4,1,1,0.1,1.7
"Western Gull",1970,25,2019,1994,-2.7,-5.9,0.2,0.96,-1.7,-2.8,-0.7,-0.3,-2,1.6,-3,-4.9,-1.2
"Western Kingbird",1970,10,2019,2009,-4.6,-5.3,-3.9,1,-0.1,-0.3,0,0.8,0.6,1,-3.8,-4.4,-3.2
"Western Meadowlark",1970,10,2019,2009,1.6,1,2.1,0,-1.1,-1.3,-1,-1.4,-1.6,-1.3,0.1,-0.4,0.6
"Western Screech-Owl",1970,11,2019,2008,-0.7,-3,0.9,0.79,-0.3,-0.9,0.3,-0.1,-0.8,0.6,-0.8,-2.8,0.6
"Western Tanager",1970,10,2019,2009,-0.3,-1,0.5,0.78,0.7,0.5,0.9,0.7,0.5,1,0.4,-0.2,1.1
"Western Wood-Pewee",1970,10,2019,2009,0.6,-0.1,1.2,0.05,-1.1,-1.3,-0.9,-1.2,-1.5,-1,-0.7,-1.2,-0.1
"White-breasted Nuthatch",1970,10,2019,2009,-3,-3.8,-2.1,1,1.7,1.5,1.9,2.3,2.1,2.5,-0.7,-1.4,0.1
"White-crowned Sparrow",1970,10,2019,2009,1.2,0,2.9,0.02,-1.9,-2.3,-1.5,-2.1,-2.7,-1.6,-0.9,-1.9,0.4
"White-eyed Vireo",1970,10,2019,2009,1.6,0.8,2.3,0,1,0.8,1.2,0.7,0.5,0.9,2.3,1.5,3
"White-faced Ibis",1970,16,2019,2003,-4.8,-10.3,0.2,0.97,3.8,2.2,5.5,5.4,3.2,7.9,0.5,-3.5,4.4
"White-headed Woodpecker",1970,10,2019,2009,0.2,-0.9,1.3,0.35,0.8,0.5,1.1,0.7,0.4,1.1,0.9,-0.1,1.9
"White-tailed Kite",1970,13,2019,2006,-6.3,-9.1,-3.7,1,-1.7,-2.3,-1.1,0,-0.8,0.9,-6.3,-8.6,-4.2
"White-throated Sparrow",1970,10,2019,2009,-3,-4.3,-1.8,1,-0.8,-1.2,-0.5,-0.2,-0.7,0.2,-3.2,-4.3,-2.1
"White-throated Swift",1970,10,2019,2009,-1,-2.7,0.4,0.92,-0.9,-1.3,-0.4,-0.7,-1.1,-0.1,-1.6,-3.1,-0.4
"White-winged Crossbill",1970,10,2019,2009,-3.7,-9.2,3.4,0.88,4.4,2.9,6.1,5.1,3.1,7,1.5,-3.2,7.4
"White-winged Dove",1970,13,2019,2006,-0.4,-2.1,1.2,0.7,1.7,1.2,2.3,1.9,1.2,2.5,1.4,0,2.7
"White Ibis",1970,20,2019,1999,-2.3,-5.1,0.4,0.96,3.5,2.5,4.7,4.5,3.1,5.8,2.2,0.1,4.4
"Wild Turkey",1970,15,2019,2004,-5.3,-6.4,-4.3,1,7.1,6.7,7.6,8.8,8.1,9.5,3.4,2.7,4.2
"Willet",1970,17,2019,2002,-0.1,-0.7,0.4,0.69,-0.5,-0.7,-0.3,-0.5,-0.7,-0.2,-0.6,-1.1,-0.2
"Williamson's Sapsucker",1970,10,2019,2009,-2.3,-4.3,-0.6,1,0.5,0,1.1,1,0.3,1.8,-1.3,-2.8,0.1
"Willow Flycatcher",1978,10,2019,2009,0,-0.8,0.6,0.53,-1.3,-1.5,-1.1,-1.3,-1.5,-1.1,-1.4,-2,-0.8
"Willow Ptarmigan",1993,10,2019,2009,-1.5,-9.6,2.2,0.68,-0.6,-2.7,1.4,0,-2.7,3.8,-1.6,-6.7,1.6
"Wilson's Phalarope",1970,10,2019,2009,-0.3,-3.2,2.5,0.56,-0.1,-0.7,0.5,-0.1,-0.8,0.7,-0.4,-2.9,2.1
"Wilson's Snipe",1970,10,2019,2009,0.3,-1,1.5,0.26,0.2,-0.1,0.9,0.2,-0.3,0.9,0.5,-0.5,1.6
"Wilson's Warbler",1970,10,2019,2009,1,-0.1,2.1,0.04,-0.4,-0.7,0,-0.6,-0.9,-0.1,0.4,-0.5,1.5
"Winter Wren",1970,10,2019,2009,-3.7,-5.8,-1.6,1,-0.1,-0.6,0.4,0.6,0,1.2,-3,-4.8,-1.2
"Wood Duck",1970,13,2019,2006,-2.7,-3.7,-1.6,1,1.9,1.6,2.3,2.7,2.3,3,0,-1,0.9
"Wood Stork",1970,25,2019,1994,0.2,-1.6,2.2,0.42,1,0.2,1.9,0.9,-0.5,2.2,1.1,0,2.2
"Wood Thrush",1970,10,2019,2009,2.5,1.7,3.3,0,-1.4,-1.6,-1.2,-1.9,-2.1,-1.7,0.6,-0.2,1.3
"Woodhouse's Scrub-Jay",1970,16,2019,2003,-1,-2.2,0.3,0.94,-0.3,-0.7,0.1,0,-0.6,0.6,-1,-1.9,-0.1
"Worm-eating Warbler",1970,10,2019,2009,-0.6,-1.5,0.3,0.92,0.5,0.3,0.8,0.6,0.4,0.9,0,-0.8,0.8
"Wrentit",1970,10,2019,2009,-0.4,-1.2,0.4,0.85,-0.6,-0.8,-0.4,-0.5,-0.7,-0.3,-0.9,-1.6,-0.2
"Yellow-bellied Flycatcher",1970,10,2019,2009,4.8,1.9,8.2,0,0.9,0.3,1.8,0,-1,0.9,4.8,2.3,7.7
"Yellow-bellied Sapsucker",1970,10,2019,2009,0.2,-1,1.4,0.39,0.8,0.3,1.1,0.7,0.2,1.2,0.9,-0.1,1.9
"Yellow-billed Cuckoo",1970,10,2019,2009,3.5,2.1,4.9,0,-1,-1.3,-0.7,-1.7,-2,-1.4,1.8,0.5,3
"Yellow-billed Magpie",1970,11,2019,2008,-6.7,-8.6,-4.7,1,-3.2,-3.8,-2.7,-1.7,-2.2,-1.1,-8.4,-10.2,-6.6
"Yellow-breasted Chat",1970,10,2019,2009,0.4,-0.2,1,0.11,-0.5,-0.7,-0.4,-0.6,-0.8,-0.5,-0.2,-0.8,0.3
"Yellow-crowned Night-Heron",1970,14,2019,2005,0.4,-1.2,2.7,0.37,-0.6,-1.1,0.1,-0.7,-1.4,0,-0.3,-1.6,1.7
"Yellow-headed Blackbird",1970,10,2019,2009,0.8,-0.8,2.4,0.15,0.5,0.1,0.9,0.4,0,0.8,1.2,-0.3,2.6
"Yellow-rumped Warbler",1970,10,2019,2009,-2.6,-3.6,-1.6,1,0.4,0.1,0.8,1,0.5,1.4,-1.7,-2.5,-0.8
"Yellow-throated Vireo",1970,10,2019,2009,1.3,0.6,1.9,0,1.4,1.2,1.5,1.1,0.9,1.2,2.4,1.8,2.9
"Yellow-throated Warbler",1970,10,2019,2009,0,-0.6,0.7,0.49,1.2,1,1.4,1.2,1,1.3,1.2,0.6,1.8
"Yellow Warbler",1970,10,2019,2009,-1.5,-2.2,-0.8,1,-0.2,-0.5,0,0.1,-0.2,0.4,-1.4,-2,-0.8
"American Golden-Plover",1974,13,2016,2003,-0.7,-4,1.6,0.7,-1.7,-2.7,-0.7,-1.5,-2.7,-0.2,-2.2,-4.7,-0.2
"American Oystercatcher",1970,25,2017,1992,0,-2.2,2.5,0.5,0.9,0,1.9,0.9,-0.7,2.4,0.9,-0.4,2.3
"American Pipit",1970,10,2017,2007,1.3,-1.1,3.3,0.1,-0.5,-1,0,-0.7,-1.3,-0.1,0.6,-1.4,2.2
"American Tree Sparrow",1970,10,2017,2007,0.2,-0.7,1.3,0.35,-1.7,-2,-1.4,-1.8,-2.1,-1.4,-1.6,-2.4,-0.5
"American Wigeon",1970,12,2017,2005,3.4,1.5,5.3,0,-0.1,-0.5,0.3,-1,-1.5,-0.5,2.4,0.8,4
"American Woodcock",1970,12,2017,2005,0.4,-0.7,1.7,0.26,-0.9,-1.3,-0.5,-1,-1.5,-0.5,-0.6,-1.5,0.5
"Ancient Murrelet",1970,17,2017,2000,-0.1,-3.5,3.3,0.54,2.9,1.4,4.4,2.9,1,4.8,2.8,0.4,5.4
"Atlantic Puffin",1970,25,2017,1992,0.1,-4,4.3,0.49,3.2,1.2,5.1,3.1,0.1,6,3.2,0.6,5.6
"Baird's Sandpiper",1974,11,2016,2005,-1,-5.8,1.8,0.69,1,-0.1,2.2,1.3,0.1,2.9,0.3,-3.4,2.8
"Black-bellied Plover",1974,23,2016,1993,0.3,-1.5,2.3,0.35,-1.5,-2.3,-0.7,-1.7,-3.1,-0.4,-1.4,-2.5,-0.2
"Black-legged Kittiwake",1970,25,2017,1992,0.5,-2.4,4.3,0.4,-1.8,-3.3,-0.3,-2,-4.4,0.2,-1.6,-3.6,0.7
"Black Guillemot",1970,25,2017,1992,0.2,-4.1,4.9,0.47,2.6,0.5,4.7,2.5,-0.6,5.3,2.6,-0.2,5.5
"Black Oystercatcher",1970,25,2017,1992,0.7,-1,3.6,0.25,3.5,2.5,4.4,3.1,1.1,4.5,3.8,2.6,5.3
"Black Scoter",1970,17,2017,2000,0.2,-3.6,4.4,0.45,-1.9,-4,-0.1,-2,-4.6,0.2,-1.8,-4.9,1.2
"Black Turnstone",1970,17,2017,2000,0,-1.5,1.4,0.49,-0.3,-0.9,0.3,-0.3,-1.1,0.5,-0.3,-1.4,0.7
"Blue-winged Teal",1970,12,2017,2005,2.8,0.4,5.3,0.01,1.2,0.7,1.7,0.5,-0.2,1.2,3.3,1.3,5.3
"Brandt's Cormorant",1970,22,2017,1995,0.7,-1,3,0.26,3.9,3,4.7,3.6,2.3,4.7,4.2,3,5.8
"Brant",2000,12,2016,2004,0.1,-3.6,3.9,0.47,-3.4,-4.9,-1.9,-3.5,-6.9,0,-3.4,-5,-1.8
"Buff-breasted Sandpiper",1974,12,2016,2004,-1.5,-7,1.4,0.76,1.5,0,3,1.9,0.2,3.8,0.4,-4.1,3.3
"Cackling Goose",1975,25,2016,1991,-9.7,-13,-6.5,1,1.8,-3.9,7.8,7.8,1.3,15,-1.9,-7.4,3.9
"Canada Goose",1970,25,2017,1992,0.4,-1.9,4.9,0.41,5.4,3.5,6.8,5.2,0.9,7.6,5.6,4.8,6.6
"Canvasback",1970,16,2017,2001,0.5,-0.9,2.1,0.21,0.7,0.3,1.2,0.5,-0.1,1.2,1.1,0,2.2
"Cassin's Auklet",1970,21,2017,1996,1.2,-2.6,7.7,0.32,-0.6,-2.3,1.4,-1.1,-4.1,1.5,0.1,-2.6,4.4
"Clark's Grebe",1970,15,2017,2002,1.4,-0.4,3.9,0.09,-2.6,-3.3,-1.9,-3,-4.1,-2.1,-1.6,-3.1,0.3
"Common Eider",1970,25,2017,1992,2.6,-2.3,12.1,0.24,0.9,-1.1,3.2,-0.5,-5.5,2.9,2.1,-1.3,7.4
"Common Ground-Dove",1970,10,2017,2007,0.5,-0.6,1.7,0.18,-0.6,-1,-0.3,-0.7,-1.1,-0.4,-0.3,-1.3,0.8
"Common Murre",1970,25,2017,1992,1.8,-1.3,7.3,0.2,-0.3,-1.8,1.2,-1.2,-4.5,1.2,0.6,-1.6,3.4
"Dovekie",1970,25,2017,1992,-3.4,-12.1,1.2,0.84,-1.6,-3.7,0.3,0.3,-3.2,5.5,-3.1,-7.6,-0.2
"Dunlin",1974,22,2016,1994,0,-2.6,2.5,0.52,-2.6,-3.7,-1.6,-2.6,-4.3,-0.8,-2.6,-4.3,-1.1
"Emperor Goose",1985,24,2016,1992,0.4,-7.2,10.8,0.49,0.1,-5,4.9,-0.2,-9.2,7.1,0.2,-5.2,5.5
"Eurasian Collared-Dove",1970,11,2017,2006,-12.2,-15.3,-9,1,29.9,28.1,31.7,32.9,30.4,35.2,20.7,19,22.5
"Gadwall",1970,12,2017,2005,2.5,0.9,4.2,0,2,1.6,2.4,1.3,0.8,1.9,3.9,2.5,5.3
"Glaucous Gull",1970,25,2017,1992,-2.6,-8.9,1.3,0.84,-2.6,-4.4,-0.8,-1.2,-4.4,3.2,-3.8,-6.5,-1.4
"Greater Scaup",1970,13,2017,2004,1,-1.5,5.6,0.28,-1.1,-2.3,0,-1.4,-2.8,-0.1,-0.4,-2.7,3.2
"Greater White-fronted Goose",1975,25,2016,1991,-4.3,-6.8,-1.7,1,0.1,-4.6,5.4,2.7,-2.4,8.2,-1.6,-6.3,4
"Greater Yellowlegs",1974,15,2016,2001,-0.7,-3.1,0.9,0.76,0.5,-0.2,1.2,0.8,-0.1,1.8,0,-1.8,1.4
"Green-winged Teal",1970,12,2017,2005,2.1,0.5,3.9,0,1.5,1.1,1.9,0.9,0.4,1.4,3,1.7,4.5
"Gyrfalcon",1970,19,2017,1998,0.4,-0.9,2,0.29,-0.6,-1.2,-0.1,-0.8,-1.6,0,-0.4,-1.3,0.7
"Harlequin Duck",1970,19,2017,1998,0.1,-2.5,2.9,0.47,-0.4,-1.6,0.8,-0.4,-2,1.2,-0.3,-2.2,1.8
"Harris's Sparrow",1970,10,2017,2007,0.4,-0.9,2.1,0.28,-1.8,-2.3,-1.3,-1.9,-2.4,-1.4,-1.5,-2.7,0.1
"Hoary Redpoll",1970,10,2017,2007,1.9,-2.4,8.7,0.22,2.3,0.7,4.2,1.9,0,3.8,3.8,-0.1,9.8
"Hudsonian Godwit",1974,19,2016,1997,-0.6,-5.1,1.9,0.6,-2.9,-5,-1,-2.7,-5,-0.1,-3.2,-6.2,-0.8
"King Eider",1970,25,2017,1992,-4.5,-12.9,1.4,0.88,-6.6,-9.1,-4.2,-4.1,-9,1.8,-8.6,-12.2,-5.6
"Least Sandpiper",1974,11,2016,2005,0.4,-4.4,4.4,0.4,-0.3,-1.3,0.7,-0.4,-1.6,0.9,0,-4,3.4
"Lesser Yellowlegs",1974,13,2016,2003,-0.5,-4,2.1,0.61,-2.6,-3.6,-1.6,-2.5,-3.7,-1,-3,-5.6,-0.7
"Limpkin",1970,12,2017,2005,14.9,9.9,20.3,0,-0.6,-2.3,1.1,-4.2,-6.6,-1.9,10.7,7.1,14.9
"Long-billed Dowitcher",1974,12,2016,2004,-15,-26.9,-2.3,1,0.5,-2,3.5,5,0.2,9.5,-9.9,-18.8,-1.3
"Long-eared Owl",1970,15,2017,2002,0.6,-0.9,2.6,0.22,-2.1,-2.8,-1.4,-2.3,-3.2,-1.5,-1.7,-2.9,-0.1
"Long-tailed Duck",1970,19,2017,1998,0,-4.1,4.2,0.51,-3.2,-5.4,-0.9,-3.2,-6,-0.1,-3.2,-5.9,-0.4
"Mallard",1970,15,2017,2002,3.1,2,4.1,0,0.3,-0.1,0.6,-0.7,-1.1,-0.2,2.4,1.5,3.2
"Marbled Murrelet",1970,20,2017,1997,0.4,-1.9,3.6,0.4,-0.2,-1.3,0.8,-0.4,-2,1,0,-1.7,2
"Monk Parakeet",1970,17,2017,2000,-15.5,-22.7,-8.5,1,15.4,12.8,18.3,21.2,17.6,25.2,5.8,0.3,11.4
"Northern Fulmar",1970,25,2017,1992,-0.3,-7.1,5.2,0.53,-1.3,-4.2,1.1,-1.1,-5.1,2.8,-1.4,-5.5,1.9
"Northern Gannet",1970,25,2017,1992,-0.2,-4.2,3.5,0.56,5.4,3.9,6.9,5.5,2.9,7.9,5.3,2.8,7.4
"Northern Pintail",1970,15,2017,2002,3.4,1.4,5.3,0,-1.5,-2.2,-1,-2.6,-3.4,-1.9,0.8,-0.8,2.3
"Northern Saw-whet Owl",1970,10,2017,2007,-0.3,-2.1,1.3,0.62,2,1.3,2.6,2,1.3,2.7,1.8,0,3.1
"Northern Shoveler",1970,13,2017,2004,0.8,-1.2,2.8,0.22,1.6,1,2.2,1.4,0.7,2.1,2.2,0.6,3.9
"Northern Shrike",1970,10,2017,2007,0.1,-0.7,1,0.37,-0.5,-0.7,-0.3,-0.5,-0.8,-0.3,-0.4,-1.1,0.4
"Pacific Golden-Plover",1993,13,2017,2004,-0.2,-8.4,7.7,0.51,-1.2,-5.6,2.6,-1.1,-7.1,4.7,-1.3,-6.6,4
"Pectoral Sandpiper",1974,14,2016,2002,-1.8,-5.8,0.9,0.86,-1.8,-2.9,-0.7,-1.2,-2.6,0.4,-3,-6,-0.7
"Pigeon Guillemot",1970,24,2017,1993,0.1,-2.4,2.8,0.48,0.7,-0.4,1.9,0.7,-1.1,2.4,0.7,-0.8,2.5
"Purple Sandpiper",1970,22,2017,1995,0.6,-1.5,3.9,0.32,-0.9,-1.9,0.1,-1.2,-3,0.2,-0.5,-2,1.4
"Razorbill",1970,25,2017,1992,-0.1,-7.2,7.6,0.52,11.6,7.9,14.9,11.6,5.5,16.2,11.6,6.5,15.7
"Red-faced Cormorant",1970,22,2017,1995,2.8,-1.7,10,0.17,-3.5,-5.6,-1.4,-4.7,-8.2,-1.7,-2,-5.6,2.6
"Red Knot",1974,21,2016,1995,2.8,-1,7.8,0.1,-5.3,-6.9,-3.6,-6.7,-9.4,-4.3,-3.9,-6.6,-0.6
"Reddish Egret",1970,25,2017,1992,-0.1,-1.6,1.4,0.57,1.2,0.7,1.8,1.3,0.3,2.3,1.2,0.3,2.1
"Redhead",1970,13,2017,2004,4,2.1,5.9,0,1.6,1.2,2,0.5,-0.1,1.1,4.5,3,6.1
"Rhinoceros Auklet",1970,22,2017,1995,-1.4,-6.8,1.3,0.77,2,0.9,3.2,2.6,0.8,5.6,1.3,-1.4,3
"Rock Sandpiper",1970,13,2017,2004,0.4,-4.6,6.1,0.42,-1.7,-4.1,0.5,-1.8,-4.7,0.9,-1.4,-5.5,2.9
"Ross's Goose",1989,19,2016,1997,-20.2,-38.1,-5.8,1,11.1,6.6,16.6,25.7,11.2,44,5.6,3.4,7.9
"Rough-legged Hawk",1970,23,2017,1994,1.6,0.8,2.6,0,0.1,-0.2,0.4,-0.7,-1.2,-0.2,0.9,0.4,1.5
"Ruddy Turnstone",1974,19,2016,1997,-0.1,-3,2.6,0.52,-4.4,-5.7,-3,-4.3,-6,-2.4,-4.4,-6.3,-2.3
"Sanderling",1974,20,2016,1996,-0.4,-2.9,1.5,0.63,-3.3,-4.2,-2.4,-3.1,-4.4,-1.7,-3.5,-5.2,-2.2
"Sandwich Tern",1970,25,2017,1992,0.6,-1,2.7,0.27,1.1,0.4,1.9,0.8,-0.4,2,1.4,0.4,2.6
"Semipalmated Plover",1974,11,2016,2005,0.3,-1.6,2.4,0.36,-0.3,-1,0.4,-0.4,-1.2,0.4,-0.1,-1.7,1.7
"Semipalmated Sandpiper",1974,12,2016,2004,3.1,-0.8,8,0.08,-2.8,-4.1,-1.5,-3.6,-5.1,-2.2,-0.5,-4.1,3.7
"Short-billed Dowitcher",1974,12,2016,2004,-2.1,-10.6,5.1,0.66,-2.4,-4.3,-0.4,-1.7,-4.3,1.1,-3.8,-10.5,1.9
"Smith's Longspur",1970,10,2017,2007,0,-4.7,4.5,0.5,0.8,-1.3,3.1,0.8,-1.3,3.4,0.8,-3.1,5.2
"Snow Bunting",1970,10,2017,2007,1.3,-1.2,5.2,0.19,-1.4,-2.5,-0.4,-1.7,-3,-0.5,-0.3,-2.6,2.9
"Snow Goose",1970,25,2016,1991,-1.2,-3.7,1.3,0.84,5.2,4.5,5.9,5.8,4.2,7.5,4.6,3.4,5.9
"Snowy Owl",1970,25,2017,1992,1.8,0,3.7,0.03,-1.3,-1.9,-0.7,-2.3,-3.5,-1.1,-0.5,-1.5,0.5
"Snowy Plover",1970,10,2017,2007,0.2,-1.5,2.3,0.4,0.4,-0.3,1.1,0.3,-0.4,1.1,0.5,-1,2.5
"Spruce Grouse",1970,11,2017,2006,-0.1,-3.5,2.9,0.53,1.5,0.2,3,1.5,0,3.2,1.4,-1.2,3.8
"Steller's Eider",1970,24,2017,1993,-1.2,-9.1,3.9,0.63,-3.3,-6.5,-0.6,-2.7,-6.7,2.1,-3.8,-8.3,-0.2
"Stilt Sandpiper",1974,13,2016,2003,-0.6,-7.1,3.4,0.54,-1.4,-2.7,0,-1.2,-2.8,1.3,-1.8,-6.3,1.3
"Surf Scoter",1970,17,2017,2000,0.2,-1.1,1.9,0.38,0.2,-0.3,0.8,0.1,-0.6,0.9,0.4,-0.8,1.6
"Surfbird",1970,16,2017,2001,0.3,-2.1,2.9,0.41,-1.4,-2.5,-0.3,-1.5,-3,-0.1,-1.2,-3,0.7
"Thick-billed Murre",1970,25,2017,1992,-1.4,-8.5,2.3,0.7,-3.1,-5.5,-1,-2.4,-5.7,2.1,-3.8,-7.3,-1.1
"Trumpeter Swan",1970,25,2015,1990,-0.3,-13.7,11.6,0.53,3.5,-7.3,16.4,3.7,-9.1,16.1,3.4,-10.4,18
"Tundra Swan",1970,25,2017,1992,0.9,-1,4.1,0.24,0.1,-0.8,1.2,-0.3,-2.2,1.1,0.6,-0.8,2.4
"Wandering Tattler",1970,17,2017,2000,-0.6,-2.9,1.4,0.72,-4.4,-5.2,-3.4,-4.2,-5.2,-2.9,-4.8,-6.5,-3
"Western Grebe",1970,16,2017,2001,1.4,-0.4,3.8,0.09,-2.6,-3.3,-1.8,-3,-4.2,-2.1,-1.7,-3,0.1
"Western Sandpiper",1970,13,2017,2004,0.1,-2,2.3,0.45,-0.3,-1.2,0.6,-0.3,-1.3,0.7,-0.2,-1.9,1.8
"Whimbrel",1974,20,2016,1996,-4.2,-8.1,-0.1,0.98,-2.1,-3.3,-0.9,0,-2.1,2.2,-4.2,-6.7,-1.7
"White-rumped Sandpiper",1974,11,2016,2005,-0.6,-4.2,2.4,0.66,1,-0.3,2.6,1.2,-0.3,2.8,0.6,-2.5,3.3
"White-winged Scoter",1970,18,2017,1999,0.2,-2.9,4.2,0.44,-0.3,-1.9,1.1,-0.4,-2.2,1.3,-0.2,-2.7,2.7
"Wilson's Plover",1970,12,2017,2005,5.2,0.9,10.7,0.01,-1.5,-2.7,-0.3,-2.8,-4,-1.6,2.4,-1.5,7.2
"Yellow-billed Loon",1970,25,2017,1992,0.1,-2.2,2.5,0.45,-3.1,-4.2,-2,-3.2,-4.7,-1.5,-3,-4.5,-1.5
